Workbook

Sheet Hoja1
A1: fecha | B1: orden | C1: numero_contrato | D1: valor | E1: nit | F1: razon | G1: id_recurso | H1: indicador | I1: en_reso
A2: 45391 | B2: 2024000388 | C2: 142-2024 | D2: 64304701 | E2: 901329717 | F2: BIOPTICAS DE COLOMBIA SAS
A3: 45419 | B3: 2024000517 | C3: 142-2024 | D3: 61123666 | E3: 901329717 | F3: BIOPTICAS DE COLOMBIA SAS
A4: 45441 | B4: 2024000589 | C4: 159-2024 | D4: 2000000 | E4: 1085317833 | F4: ANGIE VIVIANA SACANAMBUY PAZ
A5: 45441 | B5: 2024000591 | C5: 208-2024 | D5: 24264774 | E5: 98383086 | F5: PAZ MARQUEZ FREDDY FRANCISCO
A6: 45443 | B6: 2024000594 | C6: 148-2024 | D6: 4825600 | E6: 1085338534 | F6: ANA VICTORIA ORTEGA GOMEZ
A7: 45443 | B7: 2024000595 | C7: 158-2024 | D7: 2000000 | E7: 59830395 | F7: SANDRA LUCERO LÓPEZ LÓPEZ
A8: 45443 | B8: 2024000596 | C8: 195-2024 | D8: 6000000 | E8: 1089242085 | F8: DANNY YESID DELGADO MORA
A9: 45443 | B9: 2024000597 | C9: 198-2024 | D9: 7500000 | E9: 1089244511 | F9: DIDIER RAIMUNDO MENESES GUERRERO
A10: 45443 | B10: 2024000598 | C10: 166-2024 | D10: 4750000 | E10: 1085325342 | F10: JORGE LUIS CARVAJAL GUACHAVEZ
A11: 45505 | B11: 2024001318 | C11: 181-2024 | D11: 6000000 | E11: 37013610 | F11: MARIA IDER CASANOVA BURBANO
A12: 45505 | B12: 2024001319 | C12: 404-2024 | D12: 6000000 | E12: 1085292185 | F12: BRIGITT MARCELA BURBANO PUPIALES
A13: 45505 | B13: 2024001321 | C13: 266-2024 | D13: 4750000 | E13: 1085324546 | F13: ERIKA PAOLA ESTRADA BURBANO
... A2182: 45930.628 | B2182: 2025002094 | C2182: 492-2025 | D2182: 3000000 | E2182: 1086223299 | F2182: DOLY MAYBRI TIMANA GUACAN

Sheet Hoja2
A1: 142-2024 | B1: =SUMIFS(Hoja1!D2:D2182,Hoja1!C2:C2182,Hoja2!A1) -> 125428367
A2: 159-2024 | B2: =SUMIFS(Hoja1!D3:D2183,Hoja1!C3:C2183,Hoja2!A2) -> 8000000
A3: 208-2024 | B3: =SUMIFS(Hoja1!D4:D2184,Hoja1!C4:C2184,Hoja2!A3) -> 24264774
A4: 148-2024 | B4: =SUMIFS(Hoja1!D5:D2185,Hoja1!C5:C2185,Hoja2!A4) -> 19302400
A5: 158-2024 | B5: =SUMIFS(Hoja1!D6:D2186,Hoja1!C6:C2186,Hoja2!A5) -> 2000000
A6: 195-2024 | B6: =SUMIFS(Hoja1!D7:D2187,Hoja1!C7:C2187,Hoja2!A6) -> 24000000
A7: 198-2024 | B7: =SUMIFS(Hoja1!D8:D2188,Hoja1!C8:C2188,Hoja2!A7) -> 30000000
A8: 166-2024 | B8: =SUMIFS(Hoja1!D9:D2189,Hoja1!C9:C2189,Hoja2!A8) -> 19000000
A9: 181-2024 | B9: =SUMIFS(Hoja1!D10:D2190,Hoja1!C10:C2190,Hoja2!A9) -> 24000000
A10: 404-2024 | B10: =SUMIFS(Hoja1!D11:D2191,Hoja1!C11:C2191,Hoja2!A10) -> 18000000
A11: 266-2024 | B11: =SUMIFS(Hoja1!D12:D2192,Hoja1!C12:C2192,Hoja2!A11) -> 19000000
A12: 401-2024 | B12: =SUMIFS(Hoja1!D13:D2193,Hoja1!C13:C2193,Hoja2!A12) -> 18000000
... A842: 492-2025 | B842: =SUMIFS(Hoja1!D843:D3023,Hoja1!C843:C3023,Hoja2!A842) -> 3000000
